{"cameraMode":{"drawMode":0,"name":"Shaded","section":"Shading Mode"},"sceneLighting":true,"audioPlay":false,"sceneViewState":{"m_AlwaysRefresh":false,"showFog":false,"showSkybox":false,"showFlares":false,"showImageEffects":false,"showParticleSystems":false,"showVisualEffectGraphs":true,"m_FxEnabled":true},"in2DMode":false,"pivot":{"x":0.007570236921310425,"y":23.36747169494629,"z":-10.150218963623047},"rotation":{"x":0.14671705663204194,"y":0.029653696343302728,"z":-0.004466608166694641,"w":0.9887658953666687},"size":4.164172649383545,"orthographic":false}