{"cameraMode":{"drawMode":0,"name":"Shaded","section":"Shading Mode"},"sceneLighting":false,"audioPlay":false,"sceneViewState":{"showFog":false,"showMaterialUpdate":false,"showSkybox":false,"showFlares":false,"showImageEffects":false,"showParticleSystems":false,"showVisualEffectGraphs":true,"m_FxEnabled":true},"in2DMode":false,"pivot":{"x":-13.785694122314454,"y":1.1478557586669922,"z":14.173299789428711},"rotation":{"x":-0.23209229111671449,"y":-0.025677697733044626,"z":0.006131334230303764,"w":-0.9723398089408875},"size":1.2583051919937134,"orthographic":false}